{"metadata":{"modules":{"imports":[],"exports":{"exported":[],"specifiers":[]}},"usedHelpers":[]},"ignored":false,"code":"farmPins = new Mongo.Collection('farmPins');\n\n// This line won't complete until the insert is done\nfarmPins.insert({ id: 'Farm1' });\nfarmPins.insert({ lat: 42.114525 });\nfarmPins.insert({ lng: 42.114525 });\nfarmPins.insert({ title: 'Test Farm' });","ast":null,"map":{"version":3,"sources":["/client/startup.js"],"names":[],"mappings":"AAAA,QAAQ,GAAG,IAAI,KAAK,CAAC,UAAU,CAAC,UAAU,CAAC,CAAC;;;AAI5C,QAAQ,CAAC,MAAM,CAAC,EAAC,EAAE,EAAE,OAAO,EAAC,CAAC,CAAC;AAC/B,QAAQ,CAAC,MAAM,CAAC,EAAC,GAAG,EAAE,SAAS,EAAC,CAAC,CAAC;AAClC,QAAQ,CAAC,MAAM,CAAC,EAAC,GAAG,EAAE,SAAS,EAAC,CAAC,CAAC;AAClC,QAAQ,CAAC,MAAM,CAAC,EAAC,KAAK,EAAE,WAAW,EAAC,CAAC,CAAC","file":"/client/startup.js.map","sourcesContent":["farmPins = new Mongo.Collection('farmPins');\n\n\n// This line won't complete until the insert is done\nfarmPins.insert({id: 'Farm1'});\nfarmPins.insert({lat: 42.114525});\nfarmPins.insert({lng: 42.114525});\nfarmPins.insert({title: 'Test Farm'});\n"]},"hash":"0cdec8d5d69cdc496454284586382471333cadb2"}
