{"metadata":{"modules":{"imports":[],"exports":{"exported":[],"specifiers":[]}},"usedHelpers":[]},"ignored":false,"code":"Meteor.startup(function () {\n  return Modules.client.startup();\n});\n\nfarmPins = new Mongo.Collection('farmPins');\n\n// This line won't complete until the insert is done\nfarmPins.insert({ id: 'Farm1' });\nfarmPins.insert({ lat: 42.114525 });\nfarmPins.insert({ lng: -88.036537 });\nfarmPins.insert({ title: 'Test Farm' });","ast":null,"map":{"version":3,"sources":["/client/startup.js"],"names":[],"mappings":"AAAA,MAAM,CAAC,OAAO,CAAE;SAAM,OAAO,CAAC,MAAM,CAAC,OAAO,EAAE;CAAA,CAAE,CAAC;;AAEjD,QAAQ,GAAG,IAAI,KAAK,CAAC,UAAU,CAAC,UAAU,CAAC,CAAC;;;AAI5C,QAAQ,CAAC,MAAM,CAAC,EAAC,EAAE,EAAE,OAAO,EAAC,CAAC,CAAC;AAC/B,QAAQ,CAAC,MAAM,CAAC,EAAC,GAAG,EAAE,SAAS,EAAC,CAAC,CAAC;AAClC,QAAQ,CAAC,MAAM,CAAC,EAAC,GAAG,EAAE,CAAC,SAAS,EAAC,CAAC,CAAC;AACnC,QAAQ,CAAC,MAAM,CAAC,EAAC,KAAK,EAAE,WAAW,EAAC,CAAC,CAAC","file":"/client/startup.js.map","sourcesContent":["Meteor.startup( () => Modules.client.startup() );\n\nfarmPins = new Mongo.Collection('farmPins');\n\n\n// This line won't complete until the insert is done\nfarmPins.insert({id: 'Farm1'});\nfarmPins.insert({lat: 42.114525});\nfarmPins.insert({lng: -88.036537});\nfarmPins.insert({title: 'Test Farm'});\n"]},"hash":"62606337b3e7f4326f3f36d9fde27dac71db3567"}
