{"metadata":{"modules":{"imports":[],"exports":{"exported":[],"specifiers":[]}},"usedHelpers":[]},"ignored":false,"code":"if (Meteor.isClient) {\n  // counter starts at 0\n  Session.setDefault('counter', 0);\n\n  Template.hello.helpers({\n    counter: function () {\n      return Session.get('counter');\n    }\n  });\n\n  Template.hello.events({\n    'click button': function () {\n      // increment the counter when button is clicked\n      Session.set('counter', Session.get('counter') + 1);\n    }\n  });\n}\n\nif (Meteor.isServer) {\n  Meteor.startup(function () {\n    // code to run on server at startup\n    farmPins = new Mongo.Collection('farmPins');\n\n    // This line won't complete until the insert is done\n    farmPins.insert({ id: 'Farm1' });\n    farmPins.insert({ lat: 42.114525 });\n    farmPins.insert({ lng: -88.036537 });\n    farmPins.insert({ title: 'Test Farm' });\n  });\n}","ast":null,"map":{"version":3,"sources":["/FarmMap.js"],"names":[],"mappings":"AAAA,IAAI,MAAM,CAAC,QAAQ,EAAE;;AAEnB,SAAO,CAAC,UAAU,CAAC,SAAS,EAAE,CAAC,CAAC,CAAC;;AAEjC,UAAQ,CAAC,KAAK,CAAC,OAAO,CAAC;AACrB,WAAO,EAAE,YAAY;AACnB,aAAO,OAAO,CAAC,GAAG,CAAC,SAAS,CAAC,CAAC;KAC/B;GACF,CAAC,CAAC;;AAEH,UAAQ,CAAC,KAAK,CAAC,MAAM,CAAC;AACpB,kBAAc,EAAE,YAAY;;AAE1B,aAAO,CAAC,GAAG,CAAC,SAAS,EAAE,OAAO,CAAC,GAAG,CAAC,SAAS,CAAC,GAAG,CAAC,CAAC,CAAC;KACpD;GACF,CAAC,CAAC;CACJ;;AAED,IAAI,MAAM,CAAC,QAAQ,EAAE;AACnB,QAAM,CAAC,OAAO,CAAC,YAAY;;AAEzB,YAAQ,GAAG,IAAI,KAAK,CAAC,UAAU,CAAC,UAAU,CAAC,CAAC;;;AAI5C,YAAQ,CAAC,MAAM,CAAC,EAAC,EAAE,EAAE,OAAO,EAAC,CAAC,CAAC;AAC/B,YAAQ,CAAC,MAAM,CAAC,EAAC,GAAG,EAAE,SAAS,EAAC,CAAC,CAAC;AAClC,YAAQ,CAAC,MAAM,CAAC,EAAC,GAAG,EAAE,CAAC,SAAS,EAAC,CAAC,CAAC;AACnC,YAAQ,CAAC,MAAM,CAAC,EAAC,KAAK,EAAE,WAAW,EAAC,CAAC,CAAC;GACvC,CAAC,CAAC;CACJ","file":"/FarmMap.js.map","sourcesContent":["if (Meteor.isClient) {\n  // counter starts at 0\n  Session.setDefault('counter', 0);\n\n  Template.hello.helpers({\n    counter: function () {\n      return Session.get('counter');\n    }\n  });\n\n  Template.hello.events({\n    'click button': function () {\n      // increment the counter when button is clicked\n      Session.set('counter', Session.get('counter') + 1);\n    }\n  });\n}\n\nif (Meteor.isServer) {\n  Meteor.startup(function () {\n    // code to run on server at startup\n    farmPins = new Mongo.Collection('farmPins');\n\n\n    // This line won't complete until the insert is done\n    farmPins.insert({id: 'Farm1'});\n    farmPins.insert({lat: 42.114525});\n    farmPins.insert({lng: -88.036537});\n    farmPins.insert({title: 'Test Farm'});\n  });\n}\n"]},"hash":"89490f40b06c538ddc5225ebf048a8e862e8191f"}
