{"metadata":{"modules":{"imports":[],"exports":{"exported":[],"specifiers":[]}},"usedHelpers":[]},"ignored":false,"code":"gmaps = {\n    // map object\n    map: null,\n\n    // google markers objects\n    markers: [],\n\n    // google lat lng objects\n    latLngs: [],\n\n    // our formatted marker data objects\n    markerData: [],\n\n    // add a marker given our formatted marker data object\n    addMarker: function (marker) {\n        /**Can edit this line depending on if DB has lat long or we need\n        to calculate it here**/\n        var gLatLng = new google.maps.LatLng(marker.lat, marker.lng);\n        var gMarker = new google.maps.Marker({\n            position: gLatLng,\n            map: this.map,\n            title: marker.title,\n            // animation: google.maps.Animation.DROP,\n            icon: 'http://maps.google.com/mapfiles/ms/icons/blue-dot.png'\n        });\n        this.latLngs.push(gLatLng);\n        this.markers.push(gMarker);\n        this.markerData.push(marker);\n        return gMarker;\n    },\n\n    // calculate and move the bound box based on our markers\n    calcBounds: function () {\n        var bounds = new google.maps.LatLngBounds();\n        for (var i = 0, latLngLength = this.latLngs.length; i < latLngLength; i++) {\n            bounds.extend(this.latLngs[i]);\n        }\n        this.map.fitBounds(bounds);\n    },\n\n    // check if a marker already exists\n    markerExists: function (key, val) {\n        _.each(this.markers, function (storedMarker) {\n            if (storedMarker[key] == val) return true;\n        });\n        return false;\n    },\n\n    // intialize the map\n    initialize: function () {\n        console.log(\"[+] Intializing Google Maps...\");\n        var mapOptions = {\n            zoom: 12,\n            center: new google.maps.LatLng(53.565, 10.001),\n            mapTypeId: google.maps.MapTypeId.HYBRID\n        };\n\n        this.map = new google.maps.Map(document.getElementById('map-canvas'), mapOptions);\n\n        // global flag saying we intialized already\n        Session.set('map', true);\n    }\n};","ast":null,"map":{"version":3,"sources":["/google_maps.js"],"names":[],"mappings":"AAAA,KAAK,GAAG;;AAEJ,OAAG,EAAE,IAAI;;;AAGT,WAAO,EAAE,EAAE;;;AAGX,WAAO,EAAE,EAAE;;;AAGX,cAAU,EAAE,EAAE;;;AAGd,aAAS,EAAE,UAAS,MAAM,EAAE;;;AAGxB,YAAI,OAAO,GAAG,IAAI,MAAM,CAAC,IAAI,CAAC,MAAM,CAAC,MAAM,CAAC,GAAG,EAAE,MAAM,CAAC,GAAG,CAAC,CAAC;AAC7D,YAAI,OAAO,GAAG,IAAI,MAAM,CAAC,IAAI,CAAC,MAAM,CAAC;AACjC,oBAAQ,EAAE,OAAO;AACjB,eAAG,EAAE,IAAI,CAAC,GAAG;AACb,iBAAK,EAAE,MAAM,CAAC,KAAK;;AAEnB,gBAAI,EAAC,uDAAuD;SAC/D,CAAC,CAAC;AACH,YAAI,CAAC,OAAO,CAAC,IAAI,CAAC,OAAO,CAAC,CAAC;AAC3B,YAAI,CAAC,OAAO,CAAC,IAAI,CAAC,OAAO,CAAC,CAAC;AAC3B,YAAI,CAAC,UAAU,CAAC,IAAI,CAAC,MAAM,CAAC,CAAC;AAC7B,eAAO,OAAO,CAAC;KAClB;;;AAGD,cAAU,EAAE,YAAW;AACnB,YAAI,MAAM,GAAG,IAAI,MAAM,CAAC,IAAI,CAAC,YAAY,EAAE,CAAC;AAC5C,aAAK,IAAI,CAAC,GAAG,CAAC,EAAE,YAAY,GAAG,IAAI,CAAC,OAAO,CAAC,MAAM,EAAE,CAAC,GAAG,YAAY,EAAE,CAAC,EAAE,EAAE;AACvE,kBAAM,CAAC,MAAM,CAAC,IAAI,CAAC,OAAO,CAAC,CAAC,CAAC,CAAC,CAAC;SAClC;AACD,YAAI,CAAC,GAAG,CAAC,SAAS,CAAC,MAAM,CAAC,CAAC;KAC9B;;;AAGD,gBAAY,EAAE,UAAS,GAAG,EAAE,GAAG,EAAE;AAC7B,SAAC,CAAC,IAAI,CAAC,IAAI,CAAC,OAAO,EAAE,UAAS,YAAY,EAAE;AACxC,gBAAI,YAAY,CAAC,GAAG,CAAC,IAAI,GAAG,EACxB,OAAO,IAAI,CAAC;SACnB,CAAC,CAAC;AACH,eAAO,KAAK,CAAC;KAChB;;;AAGD,cAAU,EAAE,YAAW;AACnB,eAAO,CAAC,GAAG,CAAC,gCAAgC,CAAC,CAAC;AAC9C,YAAI,UAAU,GAAG;AACb,gBAAI,EAAE,EAAE;AACR,kBAAM,EAAE,IAAI,MAAM,CAAC,IAAI,CAAC,MAAM,CAAC,MAAM,EAAE,MAAM,CAAC;AAC9C,qBAAS,EAAE,MAAM,CAAC,IAAI,CAAC,SAAS,CAAC,MAAM;SAC1C,CAAC;;AAEF,YAAI,CAAC,GAAG,GAAG,IAAI,MAAM,CAAC,IAAI,CAAC,GAAG,CAC1B,QAAQ,CAAC,cAAc,CAAC,YAAY,CAAC,EACrC,UAAU,CACb,CAAC;;;AAGF,eAAO,CAAC,GAAG,CAAC,KAAK,EAAE,IAAI,CAAC,CAAC;KAC5B;CACJ,CAAA","file":"/google_maps.js.map","sourcesContent":["gmaps = {\n    // map object\n    map: null,\n\n    // google markers objects\n    markers: [],\n\n    // google lat lng objects\n    latLngs: [],\n\n    // our formatted marker data objects\n    markerData: [],\n\n    // add a marker given our formatted marker data object\n    addMarker: function(marker) {\n      /**Can edit this line depending on if DB has lat long or we need\n      to calculate it here**/\n        var gLatLng = new google.maps.LatLng(marker.lat, marker.lng);\n        var gMarker = new google.maps.Marker({\n            position: gLatLng,\n            map: this.map,\n            title: marker.title,\n            // animation: google.maps.Animation.DROP,\n            icon:'http://maps.google.com/mapfiles/ms/icons/blue-dot.png'\n        });\n        this.latLngs.push(gLatLng);\n        this.markers.push(gMarker);\n        this.markerData.push(marker);\n        return gMarker;\n    },\n\n    // calculate and move the bound box based on our markers\n    calcBounds: function() {\n        var bounds = new google.maps.LatLngBounds();\n        for (var i = 0, latLngLength = this.latLngs.length; i < latLngLength; i++) {\n            bounds.extend(this.latLngs[i]);\n        }\n        this.map.fitBounds(bounds);\n    },\n\n    // check if a marker already exists\n    markerExists: function(key, val) {\n        _.each(this.markers, function(storedMarker) {\n            if (storedMarker[key] == val)\n                return true;\n        });\n        return false;\n    },\n\n    // intialize the map\n    initialize: function() {\n        console.log(\"[+] Intializing Google Maps...\");\n        var mapOptions = {\n            zoom: 12,\n            center: new google.maps.LatLng(53.565, 10.001),\n            mapTypeId: google.maps.MapTypeId.HYBRID\n        };\n\n        this.map = new google.maps.Map(\n            document.getElementById('map-canvas'),\n            mapOptions\n        );\n\n        // global flag saying we intialized already\n        Session.set('map', true);\n    }\n}\n"]},"hash":"8e37ffa81528967c31d3acbb6ca19f2a9697bc14"}
