{"metadata":{"modules":{"imports":[],"exports":{"exported":[],"specifiers":[]}},"usedHelpers":[]},"ignored":false,"code":"Meteor.startup(function () {\n  return Modules.client.startup();\n});\n\nif (Meteor.isClient) {\n  // counter starts at 0\n  Session.setDefault('counter', 0);\n\n  Template.hello.helpers({\n    counter: function () {\n      return Session.get('counter');\n    }\n  });\n\n  Template.hello.events({\n    'click button': function () {\n      // increment the counter when button is clicked\n      Session.set('counter', Session.get('counter') + 1);\n    }\n  });\n}\n\nif (Meteor.isServer) {\n  Meteor.startup(function () {\n    // code to run on server at startup\n  });\n}\n\nfarmPins = new Mongo.Collection('farmPins');\n\n// This line won't complete until the insert is done\nfarmPins.insert({ id: 'Farm1' });\nfarmPins.insert({ lat: 42.114525 });\nfarmPins.insert({ lng: -88.036537 });\nfarmPins.insert({ title: 'Test Farm' });","ast":null,"map":{"version":3,"sources":["/client/startup.js"],"names":[],"mappings":"AAAA,MAAM,CAAC,OAAO,CAAE;SAAM,OAAO,CAAC,MAAM,CAAC,OAAO,EAAE;CAAA,CAAE,CAAC;;AAGjD,IAAI,MAAM,CAAC,QAAQ,EAAE;;AAEnB,SAAO,CAAC,UAAU,CAAC,SAAS,EAAE,CAAC,CAAC,CAAC;;AAEjC,UAAQ,CAAC,KAAK,CAAC,OAAO,CAAC;AACrB,WAAO,EAAE,YAAY;AACnB,aAAO,OAAO,CAAC,GAAG,CAAC,SAAS,CAAC,CAAC;KAC/B;GACF,CAAC,CAAC;;AAEH,UAAQ,CAAC,KAAK,CAAC,MAAM,CAAC;AACpB,kBAAc,EAAE,YAAY;;AAE1B,aAAO,CAAC,GAAG,CAAC,SAAS,EAAE,OAAO,CAAC,GAAG,CAAC,SAAS,CAAC,GAAG,CAAC,CAAC,CAAC;KACpD;GACF,CAAC,CAAC;CACJ;;AAED,IAAI,MAAM,CAAC,QAAQ,EAAE;AACnB,QAAM,CAAC,OAAO,CAAC,YAAY;;GAE1B,CAAC,CAAC;CACJ;;AAGD,QAAQ,GAAG,IAAI,KAAK,CAAC,UAAU,CAAC,UAAU,CAAC,CAAC;;;AAI5C,QAAQ,CAAC,MAAM,CAAC,EAAC,EAAE,EAAE,OAAO,EAAC,CAAC,CAAC;AAC/B,QAAQ,CAAC,MAAM,CAAC,EAAC,GAAG,EAAE,SAAS,EAAC,CAAC,CAAC;AAClC,QAAQ,CAAC,MAAM,CAAC,EAAC,GAAG,EAAE,CAAC,SAAS,EAAC,CAAC,CAAC;AACnC,QAAQ,CAAC,MAAM,CAAC,EAAC,KAAK,EAAE,WAAW,EAAC,CAAC,CAAC","file":"/client/startup.js.map","sourcesContent":["Meteor.startup( () => Modules.client.startup() );\n\n\nif (Meteor.isClient) {\n  // counter starts at 0\n  Session.setDefault('counter', 0);\n\n  Template.hello.helpers({\n    counter: function () {\n      return Session.get('counter');\n    }\n  });\n\n  Template.hello.events({\n    'click button': function () {\n      // increment the counter when button is clicked\n      Session.set('counter', Session.get('counter') + 1);\n    }\n  });\n}\n\nif (Meteor.isServer) {\n  Meteor.startup(function () {\n    // code to run on server at startup\n  });\n}\n\n\nfarmPins = new Mongo.Collection('farmPins');\n\n\n// This line won't complete until the insert is done\nfarmPins.insert({id: 'Farm1'});\nfarmPins.insert({lat: 42.114525});\nfarmPins.insert({lng: -88.036537});\nfarmPins.insert({title: 'Test Farm'});\n"]},"hash":"b1c8d86337f0f62c19162cc55690710d86ffd865"}
