{"metadata":{"modules":{"imports":[],"exports":{"exported":[],"specifiers":[]}},"usedHelpers":[]},"ignored":false,"code":"Template.map.rendered = function () {\n    if (!Session.get('map')) gmaps.initialize();\n\n    /**When new data comes in through the farmPin\n     collection Deps.autorun executes and iterates over the data.\n     It then checks if the Google Maps Markers already exists**/\n    Deps.autorun(function () {\n        /**This line retrieves the data that holds a location**/\n        var pages = farmPins.find().fetch();\n\n        _.each(pages, function (page) {\n            if (typeof page.location !== 'undefined' && typeof page.location.latitude !== 'undefined' && typeof page.location.longitude !== 'undefined') {\n\n                var objMarker = {\n                    id: page._id,\n                    lat: page.location.latitude,\n                    lng: page.location.longitude,\n                    title: page.name\n                };\n\n                // check if marker already exists\n                if (!gmaps.markerExists('id', objMarker.id)) gmaps.addMarker(objMarker);\n            }\n        });\n    });\n};\n\nTemplate.map.destroyed = function () {\n    Session.set('map', false);\n};","ast":null,"map":{"version":3,"sources":["/views/home/map.js"],"names":[],"mappings":"AAAA,QAAQ,CAAC,GAAG,CAAC,QAAQ,GAAG,YAAW;AAC/B,QAAI,CAAE,OAAO,CAAC,GAAG,CAAC,KAAK,CAAC,EACpB,KAAK,CAAC,UAAU,EAAE,CAAC;;;;;AAMvB,QAAI,CAAC,OAAO,CAAC,YAAW;;AAEpB,YAAI,KAAK,GAAG,QAAQ,CAAC,IAAI,EAAE,CAAC,KAAK,EAAE,CAAC;;AAEpC,SAAC,CAAC,IAAI,CAAC,KAAK,EAAE,UAAS,IAAI,EAAE;AACzB,gBAAI,OAAO,IAAI,CAAC,QAAQ,KAAK,WAAW,IACpC,OAAO,IAAI,CAAC,QAAQ,CAAC,QAAQ,KAAK,WAAW,IAC7C,OAAO,IAAI,CAAC,QAAQ,CAAC,SAAS,KAAK,WAAW,EAAE;;AAEhD,oBAAI,SAAS,GAAG;AACZ,sBAAE,EAAE,IAAI,CAAC,GAAG;AACZ,uBAAG,EAAE,IAAI,CAAC,QAAQ,CAAC,QAAQ;AAC3B,uBAAG,EAAE,IAAI,CAAC,QAAQ,CAAC,SAAS;AAC5B,yBAAK,EAAE,IAAI,CAAC,IAAI;iBACnB,CAAC;;;AAGF,oBAAI,CAAC,KAAK,CAAC,YAAY,CAAC,IAAI,EAAE,SAAS,CAAC,EAAE,CAAC,EACvC,KAAK,CAAC,SAAS,CAAC,SAAS,CAAC,CAAC;aAElC;SACJ,CAAC,CAAC;KACN,CAAC,CAAC;CACN,CAAA;;AAGD,QAAQ,CAAC,GAAG,CAAC,SAAS,GAAG,YAAW;AAChC,WAAO,CAAC,GAAG,CAAC,KAAK,EAAE,KAAK,CAAC,CAAC;CAC7B,CAAA","file":"/views/home/map.js.map","sourcesContent":["Template.map.rendered = function() {\n    if (! Session.get('map'))\n        gmaps.initialize();\n\n\n /**When new data comes in through the farmPin\n  collection Deps.autorun executes and iterates over the data.\n  It then checks if the Google Maps Markers already exists**/\n    Deps.autorun(function() {\n      /**This line retrieves the data that holds a location**/\n        var pages = farmPins.find().fetch();\n\n        _.each(pages, function(page) {\n            if (typeof page.location !== 'undefined' &&\n                typeof page.location.latitude !== 'undefined' &&\n                typeof page.location.longitude !== 'undefined') {\n\n                var objMarker = {\n                    id: page._id,\n                    lat: page.location.latitude,\n                    lng: page.location.longitude,\n                    title: page.name\n                };\n\n                // check if marker already exists\n                if (!gmaps.markerExists('id', objMarker.id))\n                    gmaps.addMarker(objMarker);\n\n            }\n        });\n    });\n}\n\n\nTemplate.map.destroyed = function() {\n    Session.set('map', false);\n}\n"]},"hash":"bf324e724bf4dd721c13390dcb90a7e254ccfcd2"}
